category,from_release,to_release,n_anchor_models,slope,intercept
Agentic Coding,2026-01-08,2026-06-25,21,0.3325900966967127,-0.29681381966336984
Agentic Coding,2025-12-23,2026-01-08,62,0.33259009471723855,-0.29681381932746564
Agentic Coding,2025-11-25,2025-12-23,62,0.3325900947356921,-0.2968138193083795
Agentic Coding,2025-05-30,2025-11-25,44,0.3432494851441494,-0.2401860616987275
Coding,2026-01-08,2026-06-25,21,0.9999999998608506,1.3166783024088631e-10
Coding,2025-12-23,2026-01-08,62,0.9999999997497178,2.1076869536750757e-10
Coding,2025-11-25,2025-12-23,62,0.9999999997404332,1.9179597732753188e-10
Coding,2025-05-30,2025-11-25,44,0.9999999996687455,2.967598988112799e-10
Coding,2025-04-25,2025-05-30,9,1.0865276182112007,0.052584935372050085
Coding,2025-04-02,2025-04-25,41,0.6774819690709871,1.0221789626881155
Coding,2024-11-25,2025-04-02,42,0.58486682779735,0.4228928972440441
Coding,2024-08-31,2024-11-25,21,0.5848669850456942,0.42289303415352475
Coding,2024-07-26,2024-08-31,40,0.5848669849913022,0.4228930340982974
Coding,2024-06-24,2024-07-26,73,0.5583787735525579,0.39749341878651673
Data Analysis,2026-01-08,2026-06-25,21,0.999999996108263,3.3204928890407698e-09
Data Analysis,2025-12-23,2026-01-08,62,1.1362240853606138,-0.8764511900828544
Data Analysis,2025-11-25,2025-12-23,62,1.1362240849429566,-0.8764511897810789
Data Analysis,2025-05-30,2025-11-25,44,1.13622408460734,-0.8764511893578605
Data Analysis,2025-04-25,2025-05-30,9,1.1362240865082252,-0.8764511913346886
Data Analysis,2025-04-02,2025-04-25,41,0.7740183945767872,-0.7772233098050106
Data Analysis,2024-11-25,2025-04-02,42,0.7740183946105674,-0.7772233100988295
Data Analysis,2024-08-31,2024-11-25,21,0.916331411511482,-0.614867192261631
Data Analysis,2024-07-26,2024-08-31,40,0.9163314166728185,-0.6148671923968788
Data Analysis,2024-06-24,2024-07-26,73,0.916331416671048,-0.6148671923915418
IF,2026-01-08,2026-06-25,21,0.9999998788609166,1.4925279418996624e-07
IF,2025-12-23,2026-01-08,62,0.9999998787865291,1.4924345358209074e-07
IF,2025-11-25,2025-12-23,62,0.9999998787864771,1.4925171150513392e-07
IF,2025-05-30,2025-11-25,44,0.9195658845793977,-1.9670620689652278
IF,2025-04-25,2025-05-30,9,0.9195658836237128,-1.9670620660426066
IF,2025-04-02,2025-04-25,41,0.9195658839893381,-1.9670620660499671
IF,2024-11-25,2025-04-02,42,0.9195658840128053,-1.967062066001691
IF,2024-08-31,2024-11-25,21,0.8693421173021002,-2.274746021109998
IF,2024-07-26,2024-08-31,40,0.8693421171913032,-2.2747460211336694
IF,2024-06-24,2024-07-26,73,0.8693421182515663,-2.274746021479814
Language,2026-01-08,2026-06-25,21,0.9999999237520167,1.0178443603318015e-07
Language,2025-12-23,2026-01-08,62,0.9999999239635411,1.016468456409765e-07
Language,2025-11-25,2025-12-23,62,0.999999923981801,1.0163439040010194e-07
Language,2025-05-30,2025-11-25,44,0.9133832443250757,0.11308394612802651
Language,2025-04-25,2025-05-30,9,0.9133832446722197,0.11308394551419791
Language,2025-04-02,2025-04-25,41,0.9133832443784069,0.1130839459619309
Language,2024-11-25,2025-04-02,42,0.7650065446837473,0.16278095413117438
Language,2024-08-31,2024-11-25,21,0.6743903005625116,0.010500787183745358
Language,2024-07-26,2024-08-31,40,0.6743902986552118,0.010500786100180987
Language,2024-06-24,2024-07-26,73,0.6743904846119905,0.010506744277581595
Mathematics,2026-01-08,2026-06-25,21,0.9988901407426302,0.0020426821452600185
Mathematics,2025-12-23,2026-01-08,62,0.8670401968448501,-0.601518669754152
Mathematics,2025-11-25,2025-12-23,62,0.867040196791082,-0.6015186696952902
Mathematics,2025-05-30,2025-11-25,44,0.72328429335056,-0.28731805454408305
Mathematics,2025-04-25,2025-05-30,9,0.7232842919187478,-0.28731805567306273
Mathematics,2025-04-02,2025-04-25,41,0.7232842919334103,-0.2873180556652831
Mathematics,2024-11-25,2025-04-02,42,0.7087282738779059,-0.33083075033854886
Mathematics,2024-08-31,2024-11-25,21,0.7149481099741237,-0.30344187501649783
Mathematics,2024-07-26,2024-08-31,40,0.839409134779642,-0.43668817529852094
Mathematics,2024-06-24,2024-07-26,73,0.839409134787156,-0.4366881753384978
Reasoning,2026-01-08,2026-06-25,21,0.999999987088914,1.730461831419086e-08
Reasoning,2025-12-23,2026-01-08,62,0.9999999870377746,1.730689968247049e-08
Reasoning,2025-11-25,2025-12-23,62,0.917590573206508,-0.09090395469327019
Reasoning,2025-05-30,2025-11-25,44,0.5069320776845915,-0.635037824630884
Reasoning,2025-04-25,2025-05-30,9,0.5069320781991077,-0.6350378224434531
Reasoning,2025-04-02,2025-04-25,41,0.5069320784656717,-0.6350378227138678
Reasoning,2024-11-25,2025-04-02,42,0.3640807612411659,-0.8616955809270748
Reasoning,2024-08-31,2024-11-25,21,0.3854920561570029,-0.8927164986174303
Reasoning,2024-07-26,2024-08-31,40,0.38549205606777753,-0.8927164987055634
Reasoning,2024-06-24,2024-07-26,73,0.3277875140026605,-0.9396687839891515
